{
  "project_info": {
    "project_number": "675460758817",
    "firebase_url": "https://dataset-managemet-default-rtdb.firebaseio.com",
    "project_id": "dataset-managemet",
    "storage_bucket": "dataset-managemet.appspot.com"
  },
  "client": [
    {
      "client_info": {
        "mobilesdk_app_id": "1:675460758817:android:cd5703a3df251c07095260",
        "android_client_info": {
          "package_name": "com.example.datasetmanagement"
        }
      },
      "oauth_client": [],
      "api_key": [
        {
          "current_key": "AIzaSyDnv2h-qhmzU5EvRVxi4N2kMfJw2pjeQjY"
        }
      ],
      "services": {
        "appinvite_service": {
          "other_platform_oauth_client": []
        }
      }
    }
  ],
  "configuration_version": "1"
}